{
  "RuntimeSeconds": 0.0,
  "Result": {
    "Stocks": [
      0,
      1,
      2,
      3,
      4,
      5,
      6,
      7,
      9,
      11,
      12,
      13,
      14,
      16,
      17,
      18,
      20,
      22,
      23,
      24,
      25,
      26,
      27,
      28,
      29
    ],
    "Weights": [
      0.0691106183183148,
      0.006969234892843526,
      0.025120900783158224,
      0.00922830538481518,
      0.003096781358130036,
      0.023321469527293956,
      0.072564611627134,
      0.10207906229039089,
      0.10137862350432317,
      0.014177704518886218,
      0.06205673691005578,
      0.02858567881616002,
      0.08998152549254962,
      0.005228441013719763,
      0.07412456223208522,
      0.03594176355898393,
      0.009792578398880616,
      0.018644522187151555,
      0.009430577962013117,
      0.006873038093878804,
      0.004013979523755315,
      0.00015328271735429966,
      0.10714971557187904,
      0.004222162124188274,
      0.11675412319205453
    ],
    "Sharpe": -0.3268010809681611,
    "AnnualReturn": -0.04340183569770947,
    "Volatility": 0.13280811547235347
  }
}